<?xml version="1.0" encoding="UTF-8"?>
<project-private xmlns="http://www.netbeans.org/ns/project-private/1">
    <editor-bookmarks xmlns="http://www.netbeans.org/ns/editor-bookmarks/2" lastBookmarkId="0"/>
    <open-files xmlns="http://www.netbeans.org/ns/projectui-open-files/2">
        <group>
            <file>file:/C:/Users/DELL/Downloads/chaitra_24026_car_black_box/car_black_box.X/adc.c</file>
            <file>file:/C:/Users/DELL/Downloads/chaitra_24026_car_black_box/car_black_box.X/clcd.c</file>
            <file>file:/C:/Users/DELL/Downloads/chaitra_24026_car_black_box/car_black_box.X/d1307.c</file>
            <file>file:/C:/Users/DELL/Downloads/chaitra_24026_car_black_box/car_black_box.X/digital_keypad.c</file>
            <file>file:/C:/Users/DELL/Downloads/chaitra_24026_car_black_box/car_black_box.X/display.c</file>
            <file>file:/C:/Users/DELL/Downloads/chaitra_24026_car_black_box/car_black_box.X/digital_keypad.h</file>
            <file>file:/C:/Users/DELL/Downloads/chaitra_24026_car_black_box/car_black_box.X/clcd.h</file>
            <file>file:/C:/Users/DELL/Downloads/chaitra_24026_car_black_box/car_black_box.X/display.h</file>
            <file>file:/C:/Users/DELL/Downloads/chaitra_24026_car_black_box/car_black_box.X/I2C.h</file>
            <file>file:/C:/Users/DELL/Downloads/chaitra_24026_car_black_box/car_black_box.X/i2c.c</file>
            <file>file:/C:/Users/DELL/Downloads/chaitra_24026_car_black_box/car_black_box.X/isr.c</file>
            <file>file:/C:/Users/DELL/Downloads/chaitra_24026_car_black_box/car_black_box.X/main.c</file>
            <file>file:/C:/Users/DELL/Downloads/chaitra_24026_car_black_box/car_black_box.X/main.h</file>
        </group>
    </open-files>
</project-private>
